{"cameraMode":{"drawMode":0,"name":"Shaded","section":"Shading Mode"},"sceneLighting":false,"audioPlay":false,"sceneViewState":{"m_AlwaysRefresh":false,"showFog":false,"showSkybox":false,"showFlares":false,"showImageEffects":false,"showParticleSystems":false,"showVisualEffectGraphs":true,"m_FxEnabled":true},"in2DMode":false,"pivot":{"x":0.019458040595054628,"y":0.6255631446838379,"z":-0.775719404220581},"rotation":{"x":-0.002484060125425458,"y":-0.9879001379013062,"z":0.15416964888572694,"w":-0.01570172794163227},"size":1.5535722970962525,"orthographic":false}