{"cameraMode":{"drawMode":0,"name":"Shaded","section":"Shading Mode"},"sceneLighting":false,"audioPlay":false,"sceneViewState":{"m_AlwaysRefresh":false,"showFog":false,"showSkybox":false,"showFlares":false,"showImageEffects":false,"showParticleSystems":false,"showVisualEffectGraphs":true,"m_FxEnabled":true},"in2DMode":false,"pivot":{"x":-0.06038224697113037,"y":1.3474700450897217,"z":-1.3268518447875977},"rotation":{"x":-0.0031991414725780489,"y":-0.9966920614242554,"z":0.06468422710895539,"w":-0.04877278208732605},"size":2.677975654602051,"orthographic":false}